"509","074108337290","WW711XF CONAIR GLASS B/F SCALE (2 PER CA",,"0",,,,"02/08/2021","18:02"
"509","074108356574","CONAIR WW912F BLUETOOTH SCALE WW BRANDED",,"1986",,,,"02/08/2021","18:02"
"509","074108356581","WW346X CONAIR CARBON FIBER BMI SCALE (4 ",,"0",,,,"02/08/2021","18:02"
"509","074108397973","2019 CONAIR SCALE WW202 (4 PER CASE) ECO",,"4183",,,,"02/08/2021","18:02"
"509","085081399854","MICROWAVE STEAMER TO GO 68 OZ (MINT/4 PE",,"1889",,,,"02/08/2021","18:02"
"509","085081400277","3 PC INSULATED LUNCH TOTE W/2 CONTAINERS",,"9981",,,,"02/08/2021","18:02"
"509","085081400734","Wooden Cutting Board with handle - Navy ",,"2083",,,,"02/08/2021","18:02"
"509","085081400765","Stainless Steel Cutlery - Set of 3 (ECOM",,"1591",,,,"02/08/2021","18:02"
"509","085081400888","DIGITAL GLASS TOP KITCHEN SCALE (WHITE/8",,"1818",,,,"02/08/2021","18:02"
"509","085081400895","Spiralizer and Citrus Juicer Combo (Bonu",,"1627",,,,"02/08/2021","18:02"
"509","085081400970","Silicone Popcorn Bowl- Crimson (ECOMM)",,"6986",,,,"02/08/2021","18:02"
"509","085081401519","1.5 QT Mixing Bowl w/ Silicone Base and ",,"0",,,,"02/08/2021","18:02"
"509","085081401526","3 QT Mixing Bowl w/ Silicone Base and Li",,"0",,,,"02/08/2021","18:02"
"509","085081401533","5 QT Mixing Bowl w/ Silicone Base and Li",,"999",,,,"02/08/2021","18:02"
"509","085081416575","Rectangle Lunch Container (2 compartment",,"11489",,,,"02/08/2021","18:02"
"509","085081416582","Rectangle Lunch Container (3 compartment",,"1488",,,,"02/08/2021","18:02"
"509","085081416605","Rectangle Lunch Container (4 compartment",,"1493",,,,"02/08/2021","18:02"
"509","085081446848","4oz Juicer- Yellow (ECOMM)",,"0",,,,"02/08/2021","18:02"
"509","085081446862","30OZ HYDRATION BOTTLE - PLUM- (ECOMM)",,"10984",,,,"02/08/2021","18:02"
"509","085081446886","4oz Juicer- Orange (ECOMM)",,"999",,,,"02/08/2021","18:02"
"509","085081446893","40oz Hydration Bottle -Thermal Bottle St",,"494",,,,"02/08/2021","18:02"
"509","085081876911","Pineapple Corer/Slicer - (ECOMM)",,"11477",,,,"02/08/2021","18:02"
"509","085081876959","Apple Corer/Slicer - (ECOMM)",,"1502",,,,"02/08/2021","18:02"
"509","085081876966","Handheld Chopper  (ECOMM)",,"12699",,,,"02/08/2021","18:02"
"509","085081877468","Steel Measuring Cup with Lid (2.5 cup ca",,"1008",,,,"02/08/2021","18:02"
"509","501119918","SMOOTHIE SHAKER BOTTLE GIFT WITH PURCHAS",,"0",,,,"02/08/2021","18:02"
"509","501119919","SMOOTHIE SHAKER BOTTLE WITH WHITE LID (E",,"3341",,,,"02/08/2021","18:02"
"509","5011287","POWER FOODS PROGRAM COOKBOOK (ECOMM) (1/",,"20940",,,,"02/08/2021","18:02"
"509","5011299","10 MINUTE CRUNCH TRAINING (ECOMM) (6 /Ca",,"20053",,,,"02/08/2021","18:02"
"509","5011449","MARGARITA MAMBO COCKTAIL MIXER (ECOMM) (",,"729",,,,"02/08/2021","18:02"
"509","5011467","TAKE ALONG TUMBLER (ECOMM) (1/Each) Orde",,"20513",,,,"02/08/2021","18:02"
"509","5011487","TAKE ALONG TUMBLER (PINK) (ECOMM) (1/Eac",,"0",,,,"02/08/2021","18:02"
"509","5011497","TAKE ALONG TUMBLER BLUE BEYOND THE SCALE",,"0",,,,"02/08/2021","18:02"
"509","5011498","VnuHRxkVva",,"1385",,,,"02/08/2021","18:02"
"509","5011499","GLOW WATER BOTTLE (ECOMM) (1/Each) Order",,"4718",,,,"02/08/2021","18:02"
"509","5011502","POINTSPLUS FITNESS 5 DVD SET (ECOMM) (1/",,"15996",,,,"02/08/2021","18:02"
"509","5011503","û1ÿ öÿâ'ÿî«6âö.",,"699135",,,,"02/08/2021","18:02"
"509","5011504","EXERCISE MAT (ECOMM) (1/Each) Order in M",,"19642",,,,"02/08/2021","18:02"
"509","5011509","THE ULTIMATE DANCE PARTY (ECOMM) (1/Each",,"20145",,,,"02/08/2021","18:02"
"509","5011514","VEGETABLE SPIRALIZER (ECOMM) (1/Each) Or",,"6409",,,,"02/08/2021","18:02"
"509","5011515","TEA TUMBLER (ECOMM) (1/Each) Order in Mu",,"0",,,,"02/08/2021","18:02"
"509","5011527","SALAD DRESSING CRUET (SMART POINTS) (ECO",,"0",,,,"02/08/2021","18:02"
"509","5011536","uDpeBepfyP",,"8963",,,,"02/08/2021","18:02"
"509","5011537","PINK WATER BOTTLE  (ECOMM) (1/Each) Orde",,"0",,,,"02/08/2021","18:02"
"509","5011538","PINK JOURNAL (ECOMM) (1/Each) Order In M",,"1038",,,,"02/08/2021","18:02"
"509","5011543","YES ITALIAN COOKBOOK (ECOMM) (1/Each) Or",,"4438",,,,"02/08/2021","18:02"
"509","5011544","EAT WHAT YOU LOVE COOKBOOK (ECOMM) (1/Ea",,"3021",,,,"02/08/2021","18:02"
"509","5011545","NNknnJWGTl",,"49240",,,,"02/08/2021","18:02"
"509","5011553","cNuGiqFnLi",,"252",,,,"02/08/2021","18:02"
"509","5011626","ALL NEW CHICKEN COOKBOOK (ECOM)",,"9918",,,,"02/08/2021","18:02"
"509","5011943","4 WEEKS TARGETED WORKOUT PLAN (ECOMM) (1",,"48641",,,,"02/08/2021","18:02"
"509","5011946","FRESH AND EASY COOKBOOK (ECOMM) (1/Each)",,"4365",,,,"02/08/2021","18:02"
"509","5011947","LOVE IT COOK IT EAT IT PROGRAM COOKBOOK ",,"49944",,,,"02/08/2021","18:02"
"509","5011948","EASY MAINS AND SIDES 2015 KIT COOKBOOK (",,"0",,,,"02/08/2021","18:02"
"509","5011949","YEAR ROUND FRESH PROGRAM COOKBOOK  (ECOM",,"9863",,,,"02/08/2021","18:02"
"509","5011965","MAKE AND TAKE MEALS COOKBOOK (ECOMM) (1/",,"99824",,,,"02/08/2021","18:02"
"509","5011967","xliYSPuZHs",,"0",,,,"02/08/2021","18:02"
"509","5011968","2014 UNDER 20 WEIGHT WATCHERS PROGRAM CO",,"21238",,,,"02/08/2021","18:02"
"509","5011969","DINNERS IN A FLASH COOKBOOK (ECOMM) (1/E",,"0",,,,"02/08/2021","18:02"
"509","5011981","I LOVE LEFTOVERS COOKBOOK (ECOMM) (1/Eac",,"18877",,,,"02/08/2021","18:02"
"509","5011982","TURN UP THE FLAVOR COOKBOOK (ECOMM) (1/E",,"20731",,,,"02/08/2021","18:02"
"509","5011983","VEG POWER COOKBOOK (ECOMM) (1/Each) Orde",,"20404",,,,"02/08/2021","18:02"
"509","5011984","COLOURING BOOK (ECOMM)",,"29534",,,,"02/08/2021","18:02"
"509","501198603","COLLAPSIBLE MEASURING CUPS (ECOMM)",,"5035",,,,"02/08/2021","18:02"
"509","501198604","SUCCESS HANDBOOK (ECOMM) (1/Each) Order ",,"0",,,,"02/08/2021","18:02"
"509","501198626","COLLAPSIBLE STEAMER (ECOMM)",,"2158",,,,"02/08/2021","18:02"
"509","501198640","BENTO BOX (ECOMM)(1/Each) Order in Multi",,"25941",,,,"02/08/2021","18:02"
"509","501198641","PORTION PLATES(SET OF 2)(ECOMM)(1/Each) ",,"0",,,,"02/08/2021","18:02"
"509","501198684","COLLAPSIBLE BOWL (ECOMM) (48/Case)",,"0",,,,"02/08/2021","18:02"
"509","501198686","REUSABLE CANVAS TOTE BAG - JEAN NEIDITCH",,"0",,,,"02/08/2021","18:02"
"509","5011989","GOOD DEAL COOKBOOK (ECOMM) (20/CASE) Ord",,"20227",,,,"02/08/2021","18:02"
"509","5011993","TARGET AND TONE PILATES KIT (ECOMM) (1/E",,"20022",,,,"02/08/2021","18:02"
"509","5011994","2013 MEMBER KIT (BLACK) (ECOMM) (6/Case)",,"1392",,,,"02/08/2021","18:02"
"509","5011995","2013 MEMBER KIT (RED) (ECOMM) (6/Case) O",,"290",,,,"02/08/2021","18:02"
"509","5011996","2013 MEMBER KIT (PINK) (ECOMM) (6/Case) ",,"53",,,,"02/08/2021","18:02"
"509","5011998","PLAN AND TRACK (ECOMM) (52/Case) Order I",,"20247",,,,"02/08/2021","18:02"
"509","5011999","MASTER YOUR MEALS COOKBOOK (ECOMM) (1/Ea",,"1773",,,,"02/08/2021","18:02"
"509","50120022","MARCH/APRIL MAGAZINE ECOMM (48 Units/ Ca",,"0",,,,"02/08/2021","18:02"
"509","50120023","MAY/JUN MAGAZINE  ECOMM (48 Units/ Case)",,"237",,,,"02/08/2021","18:02"
"509","50120025","SEPT/OCT MAGAZINE ECOMM (48 Units/ Case)",,"220",,,,"02/08/2021","18:02"
"509","50120026","NOV/DEC MAGAZINE ECOMM (48 Units/ Case) ",,"192",,,,"02/08/2021","18:02"
"509","5012005","2014 YOUR SUCCESS KIT - PINK KALEIDOSCOP",,"25146",,,,"02/08/2021","18:02"
"509","5012006","2014 YOUR SUCCESS KIT - ZEBRA PRINT (ECO",,"21932",,,,"02/08/2021","18:02"
"509","5012007","2014 YOUR SUCCESS KIT - BLUE PLAID (ECOM",,"701541",,,,"02/08/2021","18:02"
"509","5012008","2014 SHOP - YOUR BEST CORT OPTIONS (ECOM",,"1560",,,,"02/08/2021","18:02"
"509","5012009","EAT OUT - YOUR BEST MENU CHOICES (ECOMM)",,"1248",,,,"02/08/2021","18:02"
"509","5012010","2014 SHOP AND EAT OUT (ECOMM) (1/Each) O",,"700673",,,,"02/08/2021","18:02"
"509","5012018","STARTER KIT (ECOMM) (6/Case) Order in Mu",,"49833",,,,"02/08/2021","18:02"
"509","5012019","2015 WW POWER FOODS GUIDE (ECOMM) (1/Eac",,"49919",,,,"02/08/2021","18:02"
"509","5012022","2017 PROMO STARTER KIT ECOMM  (1/Case) O",,"4678",,,,"02/08/2021","18:02"
"509","5012023","PROMOTIONAL KIT - JOIN AND GET 3 ITEMS F",,"3381",,,,"02/08/2021","18:02"
"509","5012024","2018 PROMOTIONAL STARTER KIT (ECOMM)",,"4",,,,"02/08/2021","18:02"
"509","5012027","WW ESSENTIAL KIT(ECOMM)(1/Each) Order in",,"3361",,,,"02/08/2021","18:02"
"509","5012028","MENU MASTER GUIDE (ECOMM) (24/Case) Orde",,"4616",,,,"02/08/2021","18:02"
"509","5012029","GROCERY GURU GUIDE (ECOMM) (1/Each) Orde",,"48925",,,,"02/08/2021","18:02"
"509","5012030","THE SMARTPOINTS COOKBOOK (12/Case) Order",,"0",,,,"02/08/2021","18:02"
"509","5012031","FOOD HEALTH AND HAPPINESS ON POINT RECIP",,"665",,,,"02/08/2021","18:02"
"509","5012032","0PT BEST OF BOOK (SHORT STACK)(ECOMM)",,"1",,,,"02/08/2021","18:02"
"509","5012046","2020 OPRAH GIFT KIT - COOKBOOK NO GIFT C",,"0",,,,"02/08/2021","18:02"
"509","5012502","MAKE IT HAPPEN TOTE (ECOMM)",,"9963",,,,"02/08/2021","18:02"
"509","5012507","SOCIAL TOTE LIVE FULLY (ECOMM)",,"0",,,,"02/08/2021","18:02"
"509","5012600","MEMBER EDITION SHOPPING AND DINING OUT G",,"9943",,,,"02/08/2021","18:02"
"509","5012601","MY LITTLE BLACK JOURNAL (ECOMM) (1/Each)",,"1297",,,,"02/08/2021","18:02"
"509","5012603","WISDOM OF SUNDAYS BY OPRAH WINFREY (ECOM",,"0",,,,"02/08/2021","18:02"
"509","5012604","FREESTYLE DINING OUT AND SHOPPING COMPAN",,"4989",,,,"02/08/2021","18:02"
"509","5012998","BROWN JOURNAL (ECOMM) (1/Each) Order in ",,"0",,,,"02/08/2021","18:02"
"509","5020094","CUSTOM SPRING STARTER KIT - ONLINE (1/Ea",,"9522",,,,"02/08/2021","18:02"
"509","5021210","MUG FOR MUG CAKE (ECOMM)",,"6029",,,,"02/08/2021","18:02"
"509","5021231","PINK TEA TUMBLER (PROJECT LIFT) (ECOMM)",,"14",,,,"02/08/2021","18:02"
"509","5021232","PINK TEA SET (PROJECT LIFT) (ECOMM)",,"0",,,,"02/08/2021","18:02"
"509","5021234","PROJECT LIFT TOTE BAG (ECOMM) (ECOMM)",,"471",,,,"02/08/2021","18:02"
"509","5021235","2018 CALCULATOR (ECOMM)",,"4842",,,,"02/08/2021","18:02"
"509","5021236","2018 FOOD SCALE (ECOMM)",,"99867",,,,"02/08/2021","18:02"
"509","5030036","CALCULATOR SKIN DESIGN - PAINT SPLATTER ",,"700153",,,,"02/08/2021","18:02"
"509","5030037","CALCULATOR SKIN DESIGN SEEING SPOTS (ECO",,"700135",,,,"02/08/2021","18:02"
"509","5030038","CALCULATOR SKIN DESIGN HOLE-IN-ONE (ECOM",,"700032",,,,"02/08/2021","18:02"
"509","5030039","CALCULATOR SKIN DESIGN SUNSET (ECOMM) (1",,"700402",,,,"02/08/2021","18:02"
"509","5030040","ACTIVELINK ACTIVITY MONITOR (ECOMM) (1/E",,"26239",,,,"02/08/2021","18:02"
"509","5030041","CALCULATOR SKIN DESIGN TRIBAL PRINT (ECO",,"700518",,,,"02/08/2021","18:02"
"509","5030042","MEASURING BOWLS (ECOMM )(1/Each) Order I",,"20105",,,,"02/08/2021","18:02"
"509","5030043","WW CALCULATOR (STEEL BLUE) (ECOMM) (1/Ea",,"19621",,,,"02/08/2021","18:02"
"509","5030045","GOURMET MEASURE SERVING SPOON SET (ECOMM",,"20350",,,,"02/08/2021","18:02"
"509","5030056","2017 NESTED MEASURING CUPS (ECOMM)",,"2126",,,,"02/08/2021","18:02"
"509","5030058","2017 FRUIT INFUSER WATER BOTTLE (ECOMM)",,"3211",,,,"02/08/2021","18:02"
"509","5030060","ELECTRONIC FOOD SCALE (BLUE) (ECOMM) (1/",,"18989",,,,"02/08/2021","18:02"
"509","5030061","POINTSPLUS PEDOMETER (WHITE) (ECOMM) (1/",,"21001",,,,"02/08/2021","18:02"
"509","5030065","GOURMET MEASURING SPOONS (ECOMM)(16/Case",,"0",,,,"02/08/2021","18:02"
"509","5030067","FITBIT FLEX BLACK (ECOMM) (1/Each) Order",,"0",,,,"02/08/2021","18:02"
"509","5030068","FITBIT ONE BLACK (ECOMM) (1/Each) Order ",,"99439",,,,"02/08/2021","18:02"
"509","5030070","SMARTPOINTS KITCHEN SCALE (ECOMM) (1/Eac",,"3512",,,,"02/08/2021","18:02"
"509","5030071","FIT PEDOMETER (ECOMM)(48/CASE) Order in ",,"0",,,,"02/08/2021","18:02"
"509","5030072","MEASURING BOWL SET (ECOMM) (1/Each) Orde",,"49564",,,,"02/08/2021","18:02"
"509","5030073","FITBIT SCALE ARIA WHITE - US (ECOMM) (1/",,"0",,,,"02/08/2021","18:02"
"509","5030074","FITBIT SCALE ARIA BLACK - US (ECOMM) (1/",,"49987",,,,"02/08/2021","18:02"
"509","5030075","FITBIT CHARGE BLACK LARGE - ENGLISH (ECO",,"49954",,,,"02/08/2021","18:02"
"509","5030076","FITBIT CHARGE HR BLACK LARGE - ENGLISH (",,"0",,,,"02/08/2021","18:02"
"509","5030077","FITBIT SURGE BLACK LARGE - ENGLISH (ECOM",,"263",,,,"02/08/2021","18:02"
"509","5030078","FITBIT CHARGE BLACK SMALL - ENGLISH (ECO",,"0",,,,"02/08/2021","18:02"
"509","5030079","FITBIT CHARGE HR BLACK SMALL - ENGLISH (",,"0",,,,"02/08/2021","18:02"
"509","5030080","FITBIT SURGE BLACK SMALL - ENGLISH (ECOM",,"0",,,,"02/08/2021","18:02"
"509","5030083","SMARTPOINTS CALCULATOR (ECOMM) (1/Each) ",,"0",,,,"02/08/2021","18:02"
"509","5030084","FITBIT CHARGE HR PLUM LARGE - ENGLISH (E",,"0",,,,"02/08/2021","18:02"
"509","5030085","FITBIT CHARGE HR PLUM SMALL - ENGLISH (E",,"0",,,,"02/08/2021","18:02"
"509","5030086","FITBIT FLEX VIOLET - ENGLISH (ECOMM) (1/",,"0",,,,"02/08/2021","18:02"
"509","5030088","FITBIT FLEX TANGERINE - ENGLISH (ECOMM) ",,"0",,,,"02/08/2021","18:02"
"509","5030400","GLOWBOX (ECOMM)(1/Each) Order in Multipl",,"9711",,,,"02/08/2021","18:02"
"509","5030401","COLORING PENCILS (ECOMM)",,"3541",,,,"02/08/2021","18:02"
"509","5050136","SPA FINDER $100 GIFT CARD (ECOMM) (1/Eac",,"410",,,,"02/08/2021","18:02"
"509","5055010","OIL SPRAYER ECOMM (1/Each) Order in Mult",,"20127",,,,"02/08/2021","18:02"
"509","5055011","OIL SPRAYER (NEW ID) (ECOMM) (1/Each) Or",,"99971",,,,"02/08/2021","18:02"
"509","5061003","BEST OF EASY PREP MEALS COOKBOOK NEW BRA",,"9871",,,,"02/08/2021","18:02"
"509","5061006","BEST OF TACOS EGGS EASY PREP MEALS (BUND",,"4770",,,,"02/08/2021","18:02"
"509","5061009","SIMPLY 5 COOKBOOK RESKIN (ECOMM VERSION)",,"4980",,,,"02/08/2021","18:02"
"509","5061016","BEST OF BUNDLE 5 BOOK SET- PREP EGGS TAC",,"5000",,,,"02/08/2021","18:02"
"509","5061017","2020 MYWW PROGRAM COOKBOOK (ECOMM)",,"1878",,,,"02/08/2021","18:02"
"509","5061020","FRESH MEX COOKBOOK (ECOMM)",,"0",,,,"02/08/2021","18:02"
"509","5063006L","WW GOOD UNISEX TSHIRT - LARGE (1/Each) O",,"0",,,,"02/08/2021","18:02"
"509","5063006M","WW GOOD UNISEX TSHIRT - MEDIUM (1/Each) ",,"0",,,,"02/08/2021","18:02"
"509","5063006S","WW GOOD UNISEX TSHIRT - SMALL (1/Each) O",,"0",,,,"02/08/2021","18:02"
"509","5063010","STEMMED DECORATED WINE GLASSES (1/Case) ",,"0",,,,"02/08/2021","18:02"
"509","5063016","850004115743  EGG COOKER (4/CASE) (ECOMM",,"0",,,,"02/08/2021","18:02"
"509","5063017","856290005894 MINI WAFFLE IRON (6/CASE) (",,"5000",,,,"02/08/2021","18:02"
"509","5070073","SMOOTHIE VARIETY PACK (ECOMM) (1/Each) O",,"19872",,,,"02/08/2021","18:02"
"509","5070083","CANDY VARIETY PACK (ECOMM) (1/EACH) Orde",,"20429",,,,"02/08/2021","18:02"
"509","5070119","KITCHEN SOLUTION SET (ECOMM) (1/Each) Or",,"20344",,,,"02/08/2021","18:02"
"509","5070120","GETTING STARTED PACK (ECOMM) (1/Each) Or",,"0",,,,"02/08/2021","18:02"
"509","5070127","ACTIVE START (ECOMM) (1/Each) Order In M",,"20396",,,,"02/08/2021","18:02"
"509","5070128","GETTING STARTED PACK (ECOMM) (1/Each) Or",,"20139",,,,"02/08/2021","18:02"
"509","5070129","UpwaRJoqGK",,"0",,,,"02/08/2021","18:02"
"509","5072002855","STRAW FOR TAKE ALONG TUMBLER(ECOMM)(3/Ba",,"0",,,,"02/08/2021","18:02"
"509","5080001","T-SHIRT ITS A GOOD DAY - AQUA S (ECOMM) ",,"0",,,,"02/08/2021","18:02"
"509","5080002","û1ÿ öÿâ'ÿî«6âö.",,"367",,,,"02/08/2021","18:02"
"509","5080004","T-SHIRT ITS A GOOD DAY - AQUA XL (ECOMM)",,"0",,,,"02/08/2021","18:02"
"509","5080007","T-SHIRT LIVE LIFE FIERCE - BLACK S (ECOM",,"5950",,,,"02/08/2021","18:02"
"509","5080008","û1ÿ öÿâ'ÿî«6âö.",,"74997",,,,"02/08/2021","18:02"
"509","5080010","T-SHIRT LIVE LIFE FIERCE - BLACK XL (ECO",,"9998",,,,"02/08/2021","18:02"
"509","5080013","û1ÿ öÿâ'ÿî«6âö.",,"0",,,,"02/08/2021","18:02"
"509","5080014","T-SHIRT I AM NOT HERE - BLACK M (ECOMM) ",,"0",,,,"02/08/2021","18:02"
"509","5080015","T-SHIRT I AM NOT HERE - BLACK L (ECOMM) ",,"0",,,,"02/08/2021","18:02"
"509","5080016","T-SHIRT I AM NOT HERE - BLACK XL (ECOMM)",,"0",,,,"02/08/2021","18:02"
"509","5080017","T-SHIRT I AM NOT HERE - BLACK XXL (ECOMM",,"0",,,,"02/08/2021","18:02"
"509","5080018","T-SHIRT I AM NOT HERE - BLACK XXXL (ECOM",,"0",,,,"02/08/2021","18:02"
"509","5080019","T-SHIRT I AM NOT HERE - PINK OMBRE S (EC",,"167",,,,"02/08/2021","18:02"
"509","5080020","T-SHIRT I AM NOT HERE - PINK OMBRE M (EC",,"729",,,,"02/08/2021","18:02"
"509","5080021","T-SHIRT I AM NOT HERE - PINK OMBRE L (EC",,"357",,,,"02/08/2021","18:02"
"509","5080022","T-SHIRT I AM NOT HERE - PINK OMBRE XL (E",,"4997",,,,"02/08/2021","18:02"
"509","5080024","T-SHIRT I AM NOT HERE - PINK OMBRE XXXL ",,"1",,,,"02/08/2021","18:02"
"509","5080031","WW INGREDIENT LABEL TOTE BAG (ECOMM)(1/E",,"5948",,,,"02/08/2021","18:02"
"509","5080032","CONAIR WW204WY COMPACT PRECISION ELECTRO",,"0",,,,"02/08/2021","18:02"
"509","5080033","CONAIR WW407Y COMPACT TRACKER SCALE - 2P",,"0",,,,"02/08/2021","18:02"
"509","5080034","CONAIR WW701Y GLASS BODY ANALYSIS SCALE(",,"4496",,,,"02/08/2021","18:02"
"509","5080037","T-SHIRT LIVE LIFE FIERCE - BLACK 4XL (EC",,"49987",,,,"02/08/2021","18:02"
"509","5080039","MANTRA BAND - MIND OVER MATTER (ECOMM) (",,"0",,,,"02/08/2021","18:02"
"509","5080040","MANTRA BAND - LOVE YOURSELF (ECOMM) (1/E",,"0",,,,"02/08/2021","18:02"
"509","5080041","gILPokFCjB",,"0",,,,"02/08/2021","18:02"
"509","5080042","MANTRA BAND - NEVER GIVE UP(ECOMM) (1/Ea",,"0",,,,"02/08/2021","18:02"
"509","5080043","MANTRA BAND - ENJOY THE JOURNEY(ECOMM) (",,"0",,,,"02/08/2021","18:02"
"509","5080044","JQabMpyEGO",,"0",,,,"02/08/2021","18:02"
"509","5080045","GARDEN-IN-A-BAG - OREGANO(ECOMM) (1/Each",,"376",,,,"02/08/2021","18:02"
"509","5080046","GARDEN-IN-A-BAG - FRENCH MARIGOLD(ECOMM)",,"0",,,,"02/08/2021","18:02"
"509","5080047","GARDEN-IN-A-BAG - LAVENDER(ECOMM) (1/Eac",,"0",,,,"02/08/2021","18:02"
"509","5080048","BLzenEBZLa",,"0",,,,"02/08/2021","18:02"
"509","5080049","FOODIE GARDEN GROW KIT - TOMATO(ECOMM) (",,"0",,,,"02/08/2021","18:02"
"509","5080050","FOODIE GARDEN GROW KIT - BASIL(ECOMM) (1",,"350",,,,"02/08/2021","18:02"
"509","5080051","751319-CB APRON LETTUCE EAT (ECOMM) (1/E",,"0",,,,"02/08/2021","18:02"
"509","5080053","751319-TM APRON FEELING GOOD FROM MY HEA",,"831",,,,"02/08/2021","18:02"
"509","5080066","JUTE TOTE BAG LIVE WITH NO REGRETS (ECOM",,"4676",,,,"02/08/2021","18:02"
"509","5080067","JUTE TOTE BAG MAKE TODAY AWESOME (ECOMM)",,"0",,,,"02/08/2021","18:02"
"509","5080068","JUTE TOTE BAG LOVE YOUR LIFE (ECOMM) (1/",,"999348",,,,"02/08/2021","18:02"
"509","5080069","JUTE TOTE BAG BE THE STAR OF YOUR OWN  M",,"0",,,,"02/08/2021","18:02"
"509","5080075","QUIG-001 CUPANION FRUIT INFUSER - GREEN ",,"0",,,,"02/08/2021","18:02"
"509","5080076","QUIP-001 CUPANION FRUIT INFUSER-PINK (EC",,"0",,,,"02/08/2021","18:02"
"509","5080077","QUIB-0001 CUPANION FRUIT INFUSER - BLUE ",,"0",,,,"02/08/2021","18:02"
"509","5080081","YOU GLOW GIRL TOTE BAG (ECOMM)",,"0",,,,"02/08/2021","18:02"
"509","5080082","IT IS A GOOD DAY MUG-PURPLE ECOMM",,"0",,,,"02/08/2021","18:02"
"509","5080083","IT IS A GOOD DAY MUG-WHITE ECOMM",,"0",,,,"02/08/2021","18:02"
"509","5080084","IT IS A GOOD DAY MUG-BLUE ECOMM",,"881",,,,"02/08/2021","18:02"
"509","5080085","WWBROS WATER BOTTLE ECOMM",,"4827",,,,"02/08/2021","18:02"
"509","5080086","L.I.F.T PINK V-NECK T-SHIRT SIZE M  (ECO",,"60",,,,"02/08/2021","18:02"
"509","5080087","L.I.F.T PINK V-NECK T-SHIRT  SIZE L  (EC",,"54",,,,"02/08/2021","18:02"
"509","5080094","CONAIR WW912F BLUETOOTH SCALE (ECOMM)(1/",,"100966",,,,"02/08/2021","18:02"
"509","5080095","PORTION CONTROL WINE GLASS (SET OF 2) (E",,"0",,,,"02/08/2021","18:02"
"509","5080096","L.I.F.T PINK CREWNECK  T-SHIRT SIZE S  ",,"82",,,,"02/08/2021","18:02"
"509","5080097","L.I.F.T PINK CREWNECK T-SHIRT SIZE M  (",,"73",,,,"02/08/2021","18:02"
"509","5080098","L.I.F.T PINK CREWNECK T-SHIRT SIZE L  (",,"4",,,,"02/08/2021","18:02"
"509","5080100","L.I.F.T PINK CREWNECK T-SHIRT SIZE 2XL ",,"75",,,,"02/08/2021","18:02"
"509","5080101","ucqedUtQHb",,"84",,,,"02/08/2021","18:02"
"509","5080102","L.I.F.T PINK CREWNECK T-SHIRT SIZE 4XL ",,"11",,,,"02/08/2021","18:02"
"509","5080103","L.I.F.T PINK CREWNECK T-SHIRT SIZE 5XL ",,"19",,,,"02/08/2021","18:02"
"509","5080111","PROJECT LIFT REAL MEN LIFT TSHIRT SMALL ",,"29",,,,"02/08/2021","18:02"
"509","5080112","ptEDbWpDti",,"141",,,,"02/08/2021","18:02"
"509","5080113","PROJECT LIFT REAL MEN LIFT TSHIRT LARGE ",,"168",,,,"02/08/2021","18:02"
"509","5080114","PROJECT LIFT REAL MEN LIFT TSHIRT EXTRA ",,"162",,,,"02/08/2021","18:02"
"509","5080115","PROJECT LIFT REAL MEN LIFT TSHIRT TWO EX",,"148",,,,"02/08/2021","18:02"
"509","5080116","PROJECT LIFT REAL MEN LIFT TSHIRT THREE ",,"67",,,,"02/08/2021","18:02"
"509","5080117","PROJECT LIFT REAL MEN LIFT TSHIRT FOUR E",,"33",,,,"02/08/2021","18:02"
"509","5080118","PROJECT LIFT REAL MEN LIFT TSHIRT FIVE E",,"12",,,,"02/08/2021","18:02"
"509","5080119","PROJECT LIFT VNECK LADIES MAKING STRIDES",,"16",,,,"02/08/2021","18:02"
"509","5080120","PROJECT LIFT VNECK LADIES MAKING STRIDES",,"107",,,,"02/08/2021","18:02"
"509","5080122","PROJECT LIFT VNECK LADIES MAKING STRIDES",,"0",,,,"02/08/2021","18:02"
"509","5080123","PROJECT LIFT VNECK LADIES MAKING STRIDES",,"15",,,,"02/08/2021","18:02"
"509","5080124","PROJECT LIFT VNECK LADIES MAKING STRIDES",,"107",,,,"02/08/2021","18:02"
"509","5080127","NIiaXiTClJ",,"35",,,,"02/08/2021","18:02"
"509","5080128","PROJECT LIFT CREW NECK UNISEX MAKING STR",,"89",,,,"02/08/2021","18:02"
"509","5080129","PROJECT LIFT CREW NECK UNISEX MAKING STR",,"103",,,,"02/08/2021","18:02"
"509","5080130","PROJECT LIFT CREW NECK UNISEX MAKING STR",,"170",,,,"02/08/2021","18:02"
"509","5080131","PROJECT LIFT CREW NECK UNISEX MAKING STR",,"33",,,,"02/08/2021","18:02"
"509","5080132","PROJECT LIFT CREW NECK UNISEX MAKING STR",,"6",,,,"02/08/2021","18:02"
"509","5080133","PROJECT LIFT CREW NECK UNISEX MAKING STR",,"10",,,,"02/08/2021","18:02"
"509","5080134","PROJECT LIFT CREW NECK UNISEX MAKING STR",,"6",,,,"02/08/2021","18:02"
"509","5080140","CUPANION FRUIT INFUSER-GRAY (ECOMM)",,"103",,,,"02/08/2021","18:02"
"509","5130040","ACTIVELINK ACTIVITY MONITOR (PUBLIC/ONLI",,"20238",,,,"02/08/2021","18:02"
"509","6011431","CARAMEL TOFFEE SMOOTHIE (ECOMM) (1/EACH)",,"20",,,,"02/08/2021","18:02"
"509","6011432","CAFE CREATIONS - MUCHO MOCHA (ECOMM) (1/",,"0",,,,"02/08/2021","18:02"
"509","6011433","CAFE CREATIONS - VANILLA BEAN (ECOMM) (1",,"50365",,,,"02/08/2021","18:02"
"509","6011434","SOUTHERN SWEET TEA LIQUID WATER ENHANCER",,"0",,,,"02/08/2021","18:02"
"509","6011435","BERRY POMEGRANATE LIQUID WATER ENHANCER ",,"9620",,,,"02/08/2021","18:02"
"509","6011436","TOASTED COCONUT DREAM MINI BAR (ECOMM) (",,"0",,,,"02/08/2021","18:02"
"509","6011444","SOUTHERN SWEET TEA LIQUID WATER ENHANCER",,"0",,,,"02/08/2021","18:02"
"509","6011445","BERRY POMEGRANATE LIQUID WATER ENHANCER ",,"0",,,,"02/08/2021","18:02"
"509","6011446","ROASTED RED PEPPER HUMMUS SNACK PACK (EC",,"3162",,,,"02/08/2021","18:02"
"509","6011447","CLASSIC HUMMUS SNACK PACK (ECOMM) (1/Eac",,"2728",,,,"02/08/2021","18:02"
"509","6011455","POPPED BBQ POTATO CRISPS SNACK (ECOMM) (",,"3006",,,,"02/08/2021","18:02"
"509","6011456","POPPED CINNAMON SWIRL CRISPS SNACK (ECOM",,"21436",,,,"02/08/2021","18:02"
"509","6011458","tArjNOEgNa",,"1410",,,,"02/08/2021","18:02"
"509","6011459","TAKE ALONG TUMBLER (ORANGE) (ECOMM) (1/E",,"99529",,,,"02/08/2021","18:02"
"509","6011461","CHOCOLATE CRISPY BITES POPPED SNACK (ECO",,"20844",,,,"02/08/2021","18:02"
"509","6011463","RANCH PRETZEL THINS (ECOMM) (1/ Each) Or",,"132",,,,"02/08/2021","18:02"
"509","6011464","ROASTED RED PEPPER POPPED SNACK (ECOMM) ",,"22326",,,,"02/08/2021","18:02"
"509","6011465","CHILI LIME MULTIGRAIN CRISP CRUNCHY SNAC",,"20737",,,,"02/08/2021","18:02"
"509","6011466","KETTLE CORN POPPED CORN CRISP (ECOMM) (1",,"20794",,,,"02/08/2021","18:02"
"509","6011468","RANCH PRETZEL THINS CRUNCHY SNACK (ECOMM",,"699674",,,,"02/08/2021","18:02"
"509","6011469","CHEDDAR TWISTS CRUNCHY SNACK (ECOMM) (1/",,"21029",,,,"02/08/2021","18:02"
"509","6011470","HONEY MUSTARD PRETZEL THINS CRUNCHY SNAC",,"199380",,,,"02/08/2021","18:02"
"509","6011471","SOUR CREAM AND ONION POPPED SNACK (ECOMM",,"20556",,,,"02/08/2021","18:02"
"509","6011474","WHITE CHEDDAR POPCORN CRISPS (ECOMM) (1/",,"99876",,,,"02/08/2021","18:02"
"509","6011475","POPPED BBQ POTATO CRISPS SNACK (NEW ID) ",,"99864",,,,"02/08/2021","18:02"
"509","6011479","CHEDDAR TWISTS CRUNCHY SNACK (NEW ID) (E",,"99912",,,,"02/08/2021","18:02"
"509","6011480","BIENA CHICKPEAS CRUNCHY SNACK-SOUR CREAM",,"0",,,,"02/08/2021","18:02"
"509","6011482","CARAMEL APPLE CRISPS CRUNCHY SNACK (ECOM",,"99851",,,,"02/08/2021","18:02"
"509","6011484","CHOCOLATE CHIP MINI COOKIES (ECOMM) (1/E",,"99807",,,,"02/08/2021","18:02"
"509","6011488","BANGIN BUFFALO PRETZEL THINS CRUNCHY SNA",,"4627",,,,"02/08/2021","18:02"
"509","6011489","CHEDDAR TWISTS CRUNCHY SNACK (ECOMM) (1/",,"0",,,,"02/08/2021","18:02"
"509","6011490","MINI PRETZEL THINS CRUNCHY SNACK - ORIGI",,"0",,,,"02/08/2021","18:02"
"509","6011491","SEA SALT HUMMUS CHIPS CRUNCHY SNACK (ECO",,"0",,,,"02/08/2021","18:02"
"509","6011492","POPPED SALT AND VINEGAR POTATO CRISPS CR",,"0",,,,"02/08/2021","18:02"
"509","6011493","GARLIC PARMESAN STICKS CRUNCHY SNACK (EC",,"944",,,,"02/08/2021","18:02"
"509","6011495","POPPED BBQ POTATO CRISPS SNACK (ECOMM) (",,"3797",,,,"02/08/2021","18:02"
"509","6011496","BIENA CHICKPEAS CRUNCHY SNACK- SEA SALT ",,"4540",,,,"02/08/2021","18:02"
"509","6011506","FRUIT SOLUTION TO-GO (ECOMM) (1/Each) Or",,"20508",,,,"02/08/2021","18:02"
"509","6011507","SALAD DRESSING CRUET (ECOMM) (1/Each) Or",,"20773",,,,"02/08/2021","18:02"
"509","6011508","SALAD SOLUTION TO-GO (ECOMM) (1/Each) Or",,"20427",,,,"02/08/2021","18:02"
"509","6011517","SALAD DRESSING CRUET (NEW ID) (ECOMM) (1",,"98873",,,,"02/08/2021","18:02"
"509","6011518","SALAD SOLUTION TO-GO (NEW ID) (ECOMM) (1",,"99833",,,,"02/08/2021","18:02"
"509","6011533","SKINNY PASTA FETTUCCINE (ECOMM) (1/Each)",,"0",,,,"02/08/2021","18:02"
"509","6011534","SKINNY PASTA NOODLE (ECOMM) (1/Each) Ord",,"4770",,,,"02/08/2021","18:02"
"509","6011535","NACHO CHEESE SUPREME CRUNCHY SNACK (ECOM",,"0",,,,"02/08/2021","18:02"
"509","6011539","PUMPKIN SPICE CAFE CREATIONS (ECOMM)",,"2351",,,,"02/08/2021","18:02"
"509","6011541","CINNA-LICIOUS SWIRL POPPED CRUNCHY SNACK",,"3906",,,,"02/08/2021","18:02"
"509","6011542","DIJON PRETZEL CRUNCHY SNACK (ECOMM)",,"10916",,,,"02/08/2021","18:02"
"509","6011567","TRUFFLE ZEST SEASONING (25G)(ECOMM) (1/E",,"3299",,,,"02/08/2021","18:02"
"509","6011590","GOURMET SAUCE SINGLES- CREAMY MUSHROOM(E",,"0",,,,"02/08/2021","18:02"
"509","6011595","CHOCOLATE PEANUT BUTTER BAKED PROTEIN MI",,"15828",,,,"02/08/2021","18:02"
"509","6011599","VSC PEPPERONI TURKEY MINI STICKS (ECOMM)",,"19926",,,,"02/08/2021","18:02"
"509","6011602","DARK CHOCOLATE RASPBERRY MINI BAR (ECOMM",,"8948",,,,"02/08/2021","18:02"
"509","6011852","STRAWBERRY FRUITIES SGRFREE CANDIES-DUO ",,"701052",,,,"02/08/2021","18:02"
"509","6011853","BLACKBERRY FRUITIES SGRFREE CANDIES-DUO ",,"21314",,,,"02/08/2021","18:02"
"509","6011854","CHERRY FRUITIES SGRFREE CANDIES-DUO PACK",,"700992",,,,"02/08/2021","18:02"
"509","6011860","CAPPUCCINO CREAM MELTS CANDIES DUOPACK-N",,"20736",,,,"02/08/2021","18:02"
"509","6011862","STRAWBERRY FRUITIES DUO PACK (NEW ID) (E",,"99893",,,,"02/08/2021","18:02"
"509","6011863","BLACKBERRY FRUITIES DUO PACK (NEW ID) (E",,"99836",,,,"02/08/2021","18:02"
"509","6011864","CHERRY FRUITIES DUO PACK (NEW ID) (ECOMM",,"99822",,,,"02/08/2021","18:02"
"509","6011871","SUGAR FREE CHERRY AND GRAPEFRUIT DROP CA",,"0",,,,"02/08/2021","18:02"
"509","6011872","SUGAR FREE STRAWBERRY CANDIES DUO PACK (",,"0",,,,"02/08/2021","18:02"
"509","6011873","SUGAR FREE BLACKBERRY CANDIES DUO PACK (",,"4897",,,,"02/08/2021","18:02"
"509","6011874","TRIPLE BERRY SMOOTHIE (ECOMM) (1/Each) O",,"7382",,,,"02/08/2021","18:02"
"509","6011875","qjLsfIWyOz",,"0",,,,"02/08/2021","18:02"
"509","6011876","COOKIE DOUGH BUILD A FLAVOR GOURMET GUM ",,"0",,,,"02/08/2021","18:02"
"509","6011877","COCONUT LIME GOURMET GUM (ECOMM)",,"0",,,,"02/08/2021","18:02"
"509","6011878","KETTLE POP GOURMET GUM (ECOMM)",,"0",,,,"02/08/2021","18:02"
"509","6011879","RED VELVET CUPCAKE GOURMET GUM (ECOMM)",,"0",,,,"02/08/2021","18:02"
"509","6011880","FIRST KISS GOURMET GUM (ECOMM)",,"0",,,,"02/08/2021","18:02"
"509","6011889","BIRTHDAY CAKE GOURMET GUM (ECOMM)",,"0",,,,"02/08/2021","18:02"
"509","6011895","RAINBOW ICE GOURMET GUM (ECOMM)",,"0",,,,"02/08/2021","18:02"
"509","6015000","BARBECUE POTATO CRISPS (ECOMM)",,"0",,,,"02/08/2021","18:02"
"509","6015001","SALT AND VINEGAR POTATO CRISPS (ECOMM)",,"5799",,,,"02/08/2021","18:02"
"509","6015002","SEA SALT HUMMUS CRISPS (ECOM)",,"0",,,,"02/08/2021","18:02"
"509","6015003","ICED CINNAMON PUFFS (ECOMM)",,"3618",,,,"02/08/2021","18:02"
"509","6015004","CHILI LIME QUINOA STRIPS (ECOMM",,"4987",,,,"02/08/2021","18:02"
"509","6015005","CHOCOLATE MARSHMALLOW PUFFS (ECOMM)",,"3848",,,,"02/08/2021","18:02"
"509","6015006","MAC AND CHEESE FLAVORED STICKS (ECOMM)",,"1106",,,,"02/08/2021","18:02"
"509","6015008","PACK OF 6  SINGLE-SERVE POPCORN - BUTTER",,"0",,,,"02/08/2021","18:02"
"509","6015009","PACK OF 6  SINGLE-SERVE POPCORN - WHITE ",,"3892",,,,"02/08/2021","18:02"
"509","6015011","ROASTED CHICKPEA SNACKS - SEA SALT (ECOM",,"4994",,,,"02/08/2021","18:02"
"509","6015014","SEA SALT MINI TORTILLA CHIPS (ECOM)",,"4877",,,,"02/08/2021","18:02"
"509","6021020","FRENCH VANILLA SMOOTHIE (ECOMM) (1/Each)",,"21341",,,,"02/08/2021","18:02"
"509","6021021","CHOCOLATE SMOOTHIE (ECOMM) (1/Each) Orde",,"132381",,,,"02/08/2021","18:02"
"509","6021025","FRENCH VANILLA SMOOTHIE (NEW ID) (ECOMM)",,"99842",,,,"02/08/2021","18:02"
"509","6021026","CHOCOLATE SMOOTHIE (NEW ID) (ECOMM) (1/E",,"99655",,,,"02/08/2021","18:02"
"509","6021027","FRENCH VANILLA SMOOTHIE SLIM PACK (ECOMM",,"0",,,,"02/08/2021","18:02"
"509","6021028","CREAMY CHOCOLATE SMOOTHIE SLIM PACK (ECO",,"0",,,,"02/08/2021","18:02"
"509","6021030","CREAMY COCONUT SMOOTHIE (ECOMM) (1/Each)",,"20645",,,,"02/08/2021","18:02"
"509","6021032","CITRUS DROP CANDIES (ECOMM) (1/Each) Ord",,"700963",,,,"02/08/2021","18:02"
"509","6021034","MINT COOKIES AND CREAM SMOOTHIE (ECOMM) ",,"1020063",,,,"02/08/2021","18:02"
"509","6021035","SWEET HAZELNUT LATTE SMOOTHIE (ECOMM) (1",,"20505",,,,"02/08/2021","18:02"
"509","6021036","BERRY DROPS CANDIES (ECOMM) (1/Each) Ord",,"749481",,,,"02/08/2021","18:02"
"509","6021037","GREEK YOGURT AND HONEY SMOOTHIE (ECOMM) ",,"19352",,,,"02/08/2021","18:02"
"509","6021042","CITRUS DROP CANDIES (NEW ID) (ECOMM) (1/",,"99877",,,,"02/08/2021","18:02"
"509","6021043","HOT CHOCOLATE - MINT (ECOMM)",,"2406",,,,"02/08/2021","18:02"
"509","6021044","HOT CHOCOLATE - CARAMEL (ECOMM)",,"1810",,,,"02/08/2021","18:02"
"509","6021047","FRENCH VANILLA SMOOTHIE SLIM PACK (ECOMM",,"4734",,,,"02/08/2021","18:02"
"509","6021048","CREAMY CHOCOLATE SMOOTHIE SLIM PACK (ECO",,"91929",,,,"02/08/2021","18:02"
"509","6021049","SMOOTHIE VALUE PACK (6021047-6021048-602",,"0",,,,"02/08/2021","18:02"
"509","6021050","SALTED CARAMEL SUPER SMOOTHIE (ECOMM)",,"4884",,,,"02/08/2021","18:02"
"509","6021052","SUGAR FREE CITRUS DROP CANDIES DUO PACK ",,"0",,,,"02/08/2021","18:02"
"509","6021101","CHOCOLATE CARAMEL MINI BAR (ECOMM) (1/Ea",,"20406",,,,"02/08/2021","18:02"
"509","6021102","CHOCOLATE PRETZEL BLAST MINI BAR ECOMM (",,"20961",,,,"02/08/2021","18:02"
"509","6021103","CHOCOLATE CARAMEL MINI BAR (NEW ID) (ECO",,"9824",,,,"02/08/2021","18:02"
"509","6021104","CHOCOLATE PRETZEL BLAST MINI BAR (NEW ID",,"99909",,,,"02/08/2021","18:02"
"509","6021105","MINT COOKIE CRISP MINI BAR (ECOMM) (1/Ea",,"21007",,,,"02/08/2021","18:02"
"509","6021113","TOASTED COCONUT MINI BAR (ECOMM) (1/Each",,"700260",,,,"02/08/2021","18:02"
"509","6021115","MINT COOKIE CRISP MINI BAR (NEW ID) (ECO",,"49925",,,,"02/08/2021","18:02"
"509","6021168","WHITE CHOCOLATE MACADAMIA SMOOTHIE (ECOM",,"0",,,,"02/08/2021","18:02"
"509","6021169","TROPICAL COCKTAIL SMOOTHIE (ECOMM) (1/Ea",,"0",,,,"02/08/2021","18:02"
"509","6021203","CHOCOLATE CARAMEL MINI BAR (ECOMM) (1/Ea",,"0",,,,"02/08/2021","18:02"
"509","6021204","CHOCOLATE PRETZEL BLAST MINI BAR (ECOMM)",,"37",,,,"02/08/2021","18:02"
"509","6021205","MINT COOKIE CRISP MINI BAR (ECOMM) (1/Ea",,"0",,,,"02/08/2021","18:02"
"509","6021206","SPRINKLE ME PINK MINI BAR (ECOMM)",,"16243",,,,"02/08/2021","18:02"
"509","6021207","RICH TOFFEE MINI BAR (ECOMM)",,"9933",,,,"02/08/2021","18:02"
"509","6021208","MOCHA COFFEE CRUNCH MINI BAR (ECOMM) (1/",,"4882",,,,"02/08/2021","18:02"
"509","6021209","CHOCOLATE SUPREME MUG CAKE (ECOMM)",,"3901",,,,"02/08/2021","18:02"
"509","6021238","CHOCOLATE PROTEIN STIX (ECOMM)",,"4113",,,,"02/08/2021","18:02"
"509","6023000","CHOCOLATE CARAMEL MINI BAR ",,"2049",,,,"02/08/2021","18:02"
"509","6023001","MINT COOKIE CRUNCH MINI BAR (ECOMM)",,"4963",,,,"02/08/2021","18:02"
"509","6023002","CHOCOLATE PEANUT BUTTER PIE MINI BAR ",,"111",,,,"02/08/2021","18:02"
"509","6023003","SMORES MINI BAR (ECOM)",,"0",,,,"02/08/2021","18:02"
"509","6023004","CHERRY ALMOND NUT MINI BAR (ECOMM)",,"3917",,,,"02/08/2021","18:02"
"509","6023005","SWEET AND SALTY TRAIL MIX MINI BAR (ECOM",,"4137",,,,"02/08/2021","18:02"
"509","6023007","LEMON COOKIE MINI BAR (ECOMM)",,"0",,,,"02/08/2021","18:02"
"509","6023008","COCONUT ALMOND MINI BAR ECOMM",,"4929",,,,"02/08/2021","18:02"
"509","6024000","COOKIES AND CREAM PROTEIN STIX (ECOMM)",,"2012",,,,"02/08/2021","18:02"
"509","6024001","PEANUT BUTTER PROTEIN STIX (ECOMM)",,"3944",,,,"02/08/2021","18:02"
"509","6024002","CHOCOLATE PROTEIN STIX (ECOMM)",,"4980",,,,"02/08/2021","18:02"
"509","6024003","TRIPLE CHOCOLATE BAKED PROTEIN MINI BAR ",,"4946",,,,"02/08/2021","18:02"
"509","6024004","SNICKERDOODLE BAKED PROTEIN BAR (ECOMM)",,"8724",,,,"02/08/2021","18:02"
"509","6024005","CHOCOLATE PEANUT BUTTER BAKED PROTEIN MI",,"4968",,,,"02/08/2021","18:02"
"509","6024009","GWP Protein Sample Pack (ECOMM)",,"3969",,,,"02/08/2021","18:02"
"509","6030047","û1ÿ öÿâ'ÿî«6âö.",,"20034",,,,"02/08/2021","18:02"
"509","6030055","GOURMET MEASURE SERVING SPOON SET (NEW I",,"0",,,,"02/08/2021","18:02"
"509","6030102","ALOHA ALMOND BAR (ECOMM) (1/Each) Order ",,"21014",,,,"02/08/2021","18:02"
"509","6030103","BERRY-LICIOUS CASHEW CHEW BAR (ECOMM) (1",,"19278",,,,"02/08/2021","18:02"
"509","6030105","PEANUT TOFFEE MINI BAR (ECOMM) (1/Each) ",,"701536",,,,"02/08/2021","18:02"
"509","6030107","I LOVE STRAWBERRY SNACK BAR (ECOMM) (1/E",,"1020253",,,,"02/08/2021","18:02"
"509","6030108","CELEBRATION CAKE MINI BAR (ECOMM) (1/Eac",,"20436",,,,"02/08/2021","18:02"
"509","6030109","KEY LIME SURPRISE MINI BAR (ECOMM) (1/Ea",,"21093",,,,"02/08/2021","18:02"
"509","6030110","BUTTER PECAN CHIP GRANOLA (ECOMM) (1/Eac",,"20581",,,,"02/08/2021","18:02"
"509","6030111","BLUEBERRY CLUSTER GRANOLA SNACK (ECOMM) ",,"20372",,,,"02/08/2021","18:02"
"509","6030112","ROASTED ALMOND SENSATION MINI BAR (ECOMM",,"20400",,,,"02/08/2021","18:02"
"509","6030113","SWEET KICKIN TRAIL MIX BAR (ECOMM) (1/Ea",,"5078",,,,"02/08/2021","18:02"
"509","6030114","PEANUT BUTTER COOKIE EXPLOSION MINI BAR ",,"3471",,,,"02/08/2021","18:02"
"509","6030115","DARK CHOCOLATE CHUNK SNACK BAR (ECOMM) (",,"19908",,,,"02/08/2021","18:02"
"509","6030116","MARSHMALLOW BROWNIE CRUNCH MINI BAR (ECO",,"20221",,,,"02/08/2021","18:02"
"509","6030117","NEW ALOHA ALMOND BAR (ECOMM) (1/Each) Or",,"98617",,,,"02/08/2021","18:02"
"509","6030118","NEW BERRY-LICIOUS CASHEW CHEW BAR (ECOMM",,"9917",,,,"02/08/2021","18:02"
"509","6030119","SWEET AND SALTY TOFFEE TWIST SNACK BAR (",,"9797",,,,"02/08/2021","18:02"
"509","6030120","BERRY CHOCOLATY GRANOLA BITES (ECOMM) (1",,"0",,,,"02/08/2021","18:02"
"509","6030121","COFFEE CRUMB CAKE SNACK BAR (ECOMM) (1/E",,"0",,,,"02/08/2021","18:02"
"509","6030125","DULCE DE LECHE MINI BAR (ECOMM) (1/Each)",,"0",,,,"02/08/2021","18:02"
"509","6030126","CHOCK FULL O CHOCOLATE MINI BAR (ECOMM) ",,"0",,,,"02/08/2021","18:02"
"509","6030130","OAT-RAGEOUS CHOCOLATE CHIP GRANOLA BITES",,"0",,,,"02/08/2021","18:02"
"509","6030132","SO-GOOD SALTED CARAMEL MINI BAR (ECOMM) ",,"0",,,,"02/08/2021","18:02"
"509","6030214","PEANUT BUTTER COOKIE EXPLOSION MINI BAR ",,"405",,,,"02/08/2021","18:02"
"509","6030215","PEANUT BUTTER TRAIL MIX SNACK BAR (ECOMM",,"0",,,,"02/08/2021","18:02"
"509","6030216","CINNAMON STREUSEL SNACK BAR (ECOMM)",,"2062",,,,"02/08/2021","18:02"
"509","6030219","SWEET AND SALTY TOFFEE TWIST SNACK BAR (",,"0",,,,"02/08/2021","18:02"
"509","6030220","CRANBERRY ALMOND YOGURT BREAKFAST SQUARE",,"0",,,,"02/08/2021","18:02"
"509","6030221","DARK CHOCOLATE NUT BREAKFAST SQUARE BAR ",,"940",,,,"02/08/2021","18:02"
"509","6030222","VANILLA APPLE CHAI BREAKFAST SQUARE BAR ",,"9990",,,,"02/08/2021","18:02"
"509","6030232","SO-GOOD SALTED CARAMEL MINI BAR (ECOMM) ",,"0",,,,"02/08/2021","18:02"
"509","6032000","FUDGE BROWNIE MUG CAKE (ECOMM)",,"4992",,,,"02/08/2021","18:02"
"509","6032001","BUTTERMILK PROTEIN PANCAKE (ECOMM)",,"4979",,,,"02/08/2021","18:02"
"509","6032002","ORIGINAL BEEF AND PORK STICKS  (ECOMM)",,"4748",,,,"02/08/2021","18:02"
"509","6032003","UNCURED PEPPERONI TURKEY STICKS  (ECOMM)",,"4932",,,,"02/08/2021","18:02"
"509","6032004","RICH TOFFEE MINI BAR (ECOMM)",,"4995",,,,"02/08/2021","18:02"
"509","6032005","RED VELVET MUG CAKE (ECOMM)",,"2499",,,,"02/08/2021","18:02"
"509","6032006","BLUEBERRY MUFFIN MUG CAKE (ECOMM)",,"4989",,,,"02/08/2021","18:02"
"509","6032007","OAT AND CHOCOLATE CHIP BREAKFAST COOKIE ",,"4935",,,,"02/08/2021","18:02"
"509","6032008","OAT AND MIXED BERRY BREAKFAST COOKIE (EC",,"4969",,,,"02/08/2021","18:02"
"509","6032009","OAT AND CARAMEL CHIP BREAKFAST COOKIE (E",,"4979",,,,"02/08/2021","18:02"
"509","6032011","ECOMM PROTEIN CORN MUFFIN BREAKFAST CUP",,"1992",,,,"02/08/2021","18:02"
"509","6033002","GOURMET SAUCE SINGLES - JALAPENO QUESO  ",,"4995",,,,"02/08/2021","18:02"
"509","6033004","VANILLA PROTEIN BOOSTER (ECOMM)",,"0",,,,"02/08/2021","18:02"
"509","6033005","CHOCOLATE PROTEIN BOOSTER (ECOMM)",,"0",,,,"02/08/2021","18:02"
"509","6041000","MAPLE BROWN SUGAR OATMEAL (ECOMM)",,"4945",,,,"02/08/2021","18:02"
"509","6041001","APPLE CINNAMON OATMEAL  (ECOMM)",,"0",,,,"02/08/2021","18:02"
"509","6041003","PUMPKIN SPICE OATMEAL (ECOMM)",,"0",,,,"02/08/2021","18:02"
"509","6050019","NEW GINGER SNAP COOKIES (ECOMM) (1/Each)",,"20982",,,,"02/08/2021","18:02"
"509","6050030","HARVEST BERRIES AND CREAM OATMEAL (ECOMM",,"0",,,,"02/08/2021","18:02"
"509","6050031","TUSCAN HERB AND VEGETABLES HEAT AND EAT ",,"11",,,,"02/08/2021","18:02"
"509","6050032","MEXICAN STYLE RED BEANS AND BROWN RICE H",,"20333",,,,"02/08/2021","18:02"
"509","6050033","STRAWBERRY DELIGHT OATMEAL (ECOMM) (1/Ea",,"20291",,,,"02/08/2021","18:02"
"509","6050034","LEMON WHITE CHICKEN AND COUSCOUS HEAT AN",,"20183",,,,"02/08/2021","18:02"
"509","6050037","CHEESY SCRAMBLED EGGS HEAT AND EAT CUP (",,"20291",,,,"02/08/2021","18:02"
"509","6050038","NEW MAPLE BROWN SUGAR OATMEAL (ECOMM) (1",,"20133",,,,"02/08/2021","18:02"
"509","6050039","PASTA PRIMAVERA HEAT AND EAT CUP (ECOMM)",,"99803",,,,"02/08/2021","18:02"
"509","6050040","SOUTHERN PEACH OATMEAL (ECOMM) (1/Each) ",,"19396",,,,"02/08/2021","18:02"
"509","6050048","NEW MAPLE BROWN SUGAR OATMEAL (NEW ID) (",,"3988",,,,"02/08/2021","18:02"
"509","6050051","BLUEBERRY VANILLA OATMEAL (ECOMM) (1/Eac",,"49874",,,,"02/08/2021","18:02"
"509","6050058","MAPLE BROWN SUGAR OATMEAL (ECOMM) (1/Eac",,"0",,,,"02/08/2021","18:02"
"509","6050059","STRAWBERRIES AND CREAM OATMEAL (ECOMM) (",,"0",,,,"02/08/2021","18:02"
"509","6050064","APPLE CINNAMON OATMEAL (ECOMM)",,"0",,,,"02/08/2021","18:02"
"509","6050065","PEACH COBBLER OATMEAL (ECOMM)",,"1542",,,,"02/08/2021","18:02"
"509","6050131","hzKzOEcJbF",,"0",,,,"02/08/2021","18:02"
"509","6050132","TASTY BITES (MADRAS LENTIL)(ECOMM)(1/Eac",,"0",,,,"02/08/2021","18:02"
"509","6050133","TASTY BITES (BROWN RICE LENTIL)(ECOMM)(1",,"327",,,,"02/08/2021","18:02"
"509","6050137","TASTY BITE (INDIAN STYLE CHICKPEAS AND P",,"8996",,,,"02/08/2021","18:02"
"509","6050158","MAPLE BROWN SUGAR OATMEAL (ECOMM) (1/Eac",,"0",,,,"02/08/2021","18:02"
"509","6051000","2019 SMART POINTS CALCULATOR (ECOMM)",,"0",,,,"02/08/2021","18:02"
"509","6051001","2019 SMARTPOINTS KITCHEN SCALE (ECOMM)",,"3969",,,,"02/08/2021","18:02"
"509","6052000","AVOCADO TOOL (HEALTHY KITCHEN) (ECOMM)",,"0",,,,"02/08/2021","18:02"
"509","6052004","POPCORN POPPER (HEALTHY KITCHEN) (ECOMM)",,"2821",,,,"02/08/2021","18:02"
"509","6052008","HERB SHEARS (HEALTHY KITCHEN) (ECOMM)",,"0",,,,"02/08/2021","18:02"
"509","6052010","COMPLETE PREP SET(16/CASE) ORDER IN MULT",,"0",,,,"02/08/2021","18:02"
"509","6053006","TRAVEL SOUP MUG (HEALTHY KITCHEN) (ECOMM",,"9978",,,,"02/08/2021","18:02"
"509","6061002","COMFORT FOOD WITH ERIC GREENSPAN (ECOMM)",,"0",,,,"02/08/2021","18:02"
"509","6061008","2019 JOURNAL  (ECOMM)",,"2498",,,,"02/08/2021","18:02"
"509","6061012","BEST OF SALADS (ECOMM)",,"998",,,,"02/08/2021","18:02"
"509","6070100","CHOCOLATE LOVERS VARIETY PACK (ECOMM) (1",,"20650",,,,"02/08/2021","18:02"
"509","6070110","NEW CHOCOLATE LOVERS VARIETY PACK (ECOMM",,"0",,,,"02/08/2021","18:02"
"509","6070112","SWEET SNACK VARIETY PACK ( ECOMM) (1/Eac",,"20173",,,,"02/08/2021","18:02"
"509","6070123","BEST SELLERS VARIETY PACK (NEW) (ECOMM) ",,"20003",,,,"02/08/2021","18:02"
"509","6070124","NEW MINI BAR VARIETY PACK (ECOMM) (1/Eac",,"20313",,,,"02/08/2021","18:02"
"509","6070126","OATMEAL VARIETY PACK (ECOMM) (1/Each) Or",,"20154",,,,"02/08/2021","18:02"
"509","6070129","POWER PACK VARIETY PACK (ECOMM) (1/Each)",,"20129",,,,"02/08/2021","18:02"
"509","6070130","SIMPLE START PACK (ECOMM) (1/Each) Order",,"20637",,,,"02/08/2021","18:02"
"509","6070131","NEW 2014 BEST SELLERS VARIETY PACK (ECOM",,"99522",,,,"02/08/2021","18:02"
"509","6070132","NEW 2014 SNACK BAR VARIETY PACK (ECOMM) ",,"99541",,,,"02/08/2021","18:02"
"509","6070134","2014 NEW MINI BAR VARIETY PACK (ECOMM) (",,"9908",,,,"02/08/2021","18:02"
"509","6070135","CHOCOLATE LOVERS VARIETY PACK (ECOMM) (C",,"0",,,,"02/08/2021","18:02"
"509","6070136","CANDY VARIETY PACK (ECOMM) (COMBO OF 601",,"0",,,,"02/08/2021","18:02"
"509","6070137","SMOOTHIE VARIETY PACK (ECOMM)  (COMBO OF",,"0",,,,"02/08/2021","18:02"
"509","6070138","CHIPS AND CRISPS VARIETY PACK (ECOMM) (C",,"0",,,,"02/08/2021","18:02"
"509","6070139","MINI BAR VARIETY PACK (5 PACKS) (ECOMM) ",,"0",,,,"02/08/2021","18:02"
"509","6070143","NEW 2015 OATMEAL VARIETY PACK (ECOMM) (1",,"49946",,,,"02/08/2021","18:02"
"509","6070145","SMOOTHIE STARTER PACK (ECOMM)(COMBO OF 6",,"0",,,,"02/08/2021","18:02"
"509","6070146","TO GO PACK (ECOMM) (COMBO OF 501119918/5",,"0",,,,"02/08/2021","18:02"
"509","6070147","ENTERTAINING SET (ECOMM) (2 BOXES OF 508",,"368",,,,"02/08/2021","18:02"
"509","6070148","SMOOTHIE CLASSIC VALUE PACK (ECOMM) (COM",,"9989",,,,"02/08/2021","18:02"
"509","6070149","MINI BAR 5 PACK (ECOMM) (COMBO OF6021203",,"9991",,,,"02/08/2021","18:02"
"509","6070153","MAKE IT AND TAKE IT KIT  (ECOMM)",,"1092",,,,"02/08/2021","18:02"
"509","6070154","MEMBER MAKE IT HAPPEN KIT  (ECOMM)",,"0",,,,"02/08/2021","18:02"
"509","6070155","cHpGXAVRJZ",,"1089",,,,"02/08/2021","18:02"
"509","6070156","taJIsxmAnS",,"1294",,,,"02/08/2021","18:02"
"509","6070157","SINGLE SERVE POPCORN- WHITE CHEDDAR (PAC",,"3762",,,,"02/08/2021","18:02"
"509","6070158","SINGLE SERVE POPCORN- SEA SALT (PACK OF ",,"18502",,,,"02/08/2021","18:02"
"509","6070159","SKINNY PASTA RICE - 3 PACK (ECOMM)",,"496",,,,"02/08/2021","18:02"
"509","6070160","SKINNY PASTA COUSCOUS - 3 PACK (ECOMM)",,"498",,,,"02/08/2021","18:02"
"509","6070161","SKINNY PASTA NOODLE - 3 PACK (ECOMM)",,"480",,,,"02/08/2021","18:02"
"509","6070162","BEST OF BUNDLE (4 MINI BOOKS) ECOMM",,"0",,,,"02/08/2021","18:02"
"509","6070170","2019 HOLIDAY BUNDLE (ECOMM)",,"0",,,,"02/08/2021","18:02"
"509","6070183","CANDY VARIETY PACK (ECOMM) (1/EACH) Orde",,"0",,,,"02/08/2021","18:02"
"509","6070188","SWEET SALTY SAVORY SNACK PACK (ECOMM)",,"0",,,,"02/08/2021","18:02"
"509","6070189","CLASSIC CRUNCHY SNACK PACK (ECOMM)",,"4946",,,,"02/08/2021","18:02"
"509","6070190","PROTEIN STIX 3 PACK (ECOMM)",,"4976",,,,"02/08/2021","18:02"
"509","6070191","CHOCOLATE MINI BAR 3 PACK (ECOMM)",,"1992",,,,"02/08/2021","18:02"
"509","6070192","BAKED PROTEIN MINI BAR 3 PACK  (ECOMM)",,"4985",,,,"02/08/2021","18:02"
"509","6070196","BREAKFAST VALUE PACK ECOMM",,"4631",,,,"02/08/2021","18:02"
"509","6070197","MAC AND CHEESE 3 PACK- BULK PACK FOR ECO",,"4705",,,,"02/08/2021","18:02"
"509","6070198","BBQ 5 PACK- BULK PACK FOR ECOMM",,"4989",,,,"02/08/2021","18:02"
"509","6070201","COOKIE VARIETY PACK (ECOMM)",,"0",,,,"02/08/2021","18:02"
"509","653246100074","SKINNY PASTA NOODLE (ECOMM) (1/Each) Ord",,"0",,,,"02/08/2021","18:02"
"509","653246100081","SKINNY PASTA RICE (ECOMM) (1/Each) Order",,"85",,,,"02/08/2021","18:02"
"509","653246100098","krMVANMbZw",,"0",,,,"02/08/2021","18:02"
"509","653246100104","SKINNY PASTA COUSCOUS (ECOMM)  (1/Each) ",,"0",,,,"02/08/2021","18:02"
"509","653246100111","SKINNY PASTA FETTUCCINE (ECOMM) (1/Each)",,"4899",,,,"02/08/2021","18:02"
"509","653246100135","SKINNY PASTA LASAGNA (ECOMM) (1/Each) Or",,"0",,,,"02/08/2021","18:02"
"509","653246103075","SKINNY PASTA VARIETY 6 PACK (ECOMM) (1/E",,"0",,,,"02/08/2021","18:02"
"509","7011994","BLACK KIT FOR ONLINE SUBSCRIPTION (ECOMM",,"37",,,,"02/08/2021","18:02"
"509","7030040","ACTIVE LINK FOR ONLINE SUBSCRIPTION (ECO",,"50",,,,"02/08/2021","18:02"
"609","7070106","CA BBQ 3 PACK",,"4965",,,,"02/08/2021","18:02"
"609","70815000","CA BARBECUE POTATO CRISPS",,"928",,,,"02/08/2021","18:02"
"609","70824002","CA CHOCOLATE PROTEIN STIX",,"4961",,,,"02/08/2021","18:02"
"609","70841001","CA APPLE CINNAMON OATMEAL",,"2271",,,,"02/08/2021","18:02"
"609","70861014C","CA BEST OF EASY EATS COOKBOOK",,"4933",,,,"02/08/2021","18:02"
"509","719812033068","GWP WOODEN SPOON (ECOMM)",,"0",,,,"02/08/2021","18:02"
"509","74108356574","CONAIR WW912F BLUETOOTH SCALE WW BRANDED",,"5500",,,,"02/08/2021","18:02"
"509","826635144991","S/3 POCKET JOURNALS WIDE STRIPE (ECOMM)",,"0",,,,"02/08/2021","18:02"
"509","826635145004","S/3 POCKET JOURNALS NEON (ECOMM)",,"0",,,,"02/08/2021","18:02"
"509","851206006095","TpfPkjNwEf",,"0",,,,"02/08/2021","18:02"
"509","851206006675","06675 AROMAPOD-WHITE (ECOMM)",,"0",,,,"02/08/2021","18:02"
"509","851206006866","6866 S/3 ESSENTIAL OILS-CHAI CITRUS BLOS",,"0",,,,"02/08/2021","18:02"
"509","852030004028","04028 AROMAMIST ULTRASONIC DIFFUSING MIS",,"132",,,,"02/08/2021","18:02"
"509","852030004301","EUCALYPTUS ESSENTIAL OIL 5mL (ECOMM)",,"54",,,,"02/08/2021","18:02"
"509","852313007470","MINI SCENTIFIER DIFFUSER KIT (ECOMM)",,"0",,,,"02/08/2021","18:02"
"509","9011514","REWARDS PRIZE VEGETABLE SPRIRALIZER FOR ",,"296",,,,"02/08/2021","18:02"
"509","9030065","REWARDS PRIZE GOURMET MEASURE SERVING SP",,"4488",,,,"02/08/2021","18:02"
"509","9080095","REWARDS PRIZE PORTION CONTROL WINE GLASS",,"4491",,,,"02/08/2021","18:02"
"509","FB301C","anypQntZzy",,"0",,,,"02/08/2021","18:02"
"509","FB301M","FITBIT ZIP MAGENTA - US (ECOMM)",,"0",,,,"02/08/2021","18:02"
"509","FB403BK","FITBIT FLEX 2  BLACK (ECOMM)",,"0",,,,"02/08/2021","18:02"
"509","FB403MG","FITBIT FLEX 2 MAGENTA (ECOMM)",,"0",,,,"02/08/2021","18:02"
"509","FB406BKL","FITBIT ALTA BLACK- LARGE (ECOMM)",,"0",,,,"02/08/2021","18:02"
"509","FB406BKS","FITBIT ALTA BLACK -SMALL (ECOMM)",,"0",,,,"02/08/2021","18:02"
"509","FB406BKXL","FITBIT ALTA BLACK -XLARGE (ECOMM)",,"6400",,,,"02/08/2021","18:02"
"509","FB406PML","FITBIT ALTA PLUM- LARGE (ECOMM)",,"14684",,,,"02/08/2021","18:02"
"509","FB406PMS","FITBIT ALTA PLUM- SMALL (ECOMM)",,"0",,,,"02/08/2021","18:02"
"509","FB407SBKL","FITBIT CHARGE 2 BLACK/SILVER - LARGE (EC",,"0",,,,"02/08/2021","18:02"
"509","GEN00921INS","RECIPE BOOKLET FOR FITNESS KITS-FREE (EC",,"0",,,,"02/08/2021","18:02"
"509","GEN00925INS","COUPON BOOKLET FOR FITNESS KITS (ECOMM) ",,"0",,,,"02/08/2021","18:02"
"509","X001CV9WCT","Weight Watchers Collapsible Salad Bowl",,"0",,,,"02/08/2021","18:02"
"509","X001CVL3PX","Weight Watchers Sugar Free Candies/ Vari",,"0",,,,"02/08/2021","18:02"
"509","X001CVL3Q7","Weight Watchers Mini Bars Mint Cookie Cr",,"0",,,,"02/08/2021","18:02"
"509","X001CVL3QR","Weight Watchers Portion Controlled Steml",,"0",,,,"02/08/2021","18:02"
"509","X001CVL3R1","Weight Watchers Smoothie Slim Packs Trip",,"0",,,,"02/08/2021","18:02"
"509","X001CWCW2Z","Weight Watchers Portion Controlled Wine ",,"0",,,,"02/08/2021","18:02"
"509","X001CWCXA1","Weight Watchers Oatmeal Cups Maple Brown",,"0",,,,"02/08/2021","18:02"
"509","X001CWCXAB","Weight Watchers Roasted Red Pepper Hummu",,"0",,,,"02/08/2021","18:02"
"509","X001CWKZW9","Weight Watchers Mini Bars Chocolate Pret",,"0",,,,"02/08/2021","18:02"
"509","X001CWL005","Weight Watchers Apron with Extra Long Ti",,"0",,,,"02/08/2021","18:02"
"509","X001CWRXEH","Weight Watchers Smoothie Slim Packs Star",,"0",,,,"02/08/2021","18:02"
"509","X001CWRXF1","Weight Watchers Snack Bars Sweet and Sal",,"0",,,,"02/08/2021","18:02"
"509","X001CWSLYX","Weight Watchers Entertainment Set (Inclu",,"0",,,,"02/08/2021","18:02"
"509","X001CWXP03","Weight Watchers Apron with Extra Long Ti",,"0",,,,"02/08/2021","18:02"
"509","X001CWXP0D","Weight Watchers Cafe Creations Coffee Cr",,"0",,,,"02/08/2021","18:02"
"509","X001CY0SBZ","Weight Watchers Gourmet Measuring Spoon ",,"0",,,,"02/08/2021","18:02"
"509","X001CY661V","Weight Watchers Smoothie Slim Packs Crea",,"0",,,,"02/08/2021","18:02"
"509","X001CY6625","Weight Watchers Popped Crisps BBQ 5 bags",,"0",,,,"02/08/2021","18:02"
"509","X001CY663T","Weight Watchers Crunchy Snacks Variety P",,"0",,,,"02/08/2021","18:02"
"509","X001CY8885","Weight Watchers Mini Bars Chocolate Cara",,"0",,,,"02/08/2021","18:02"
"509","X001CY88A3","Weight Watchers Sugar Free Candies/ Stra",,"0",,,,"02/08/2021","18:02"
"509","X001CY88AN","Weight Watchers Crunchy Snacks Cinnalici",,"0",,,,"02/08/2021","18:02"
"509","X001CY88B7","Weight Watchers Mini Bars Variety Pack 1",,"0",,,,"02/08/2021","18:02"
"509","X001CY88K3","Weight Watchers Smoothie Slim Packs Fren",,"0",,,,"02/08/2021","18:02"
"509","X001CYLYM7","PYCbBDUixw",,"0",,,,"02/08/2021","18:02"
"509","X001CYXSKD","Weight Watchers Oatmeal Cups Apple Cinna",,"0",,,,"02/08/2021","18:02"
"509","X001D27FQH","Weight Watchers Apron with Extra Long Ti",,"0",,,,"02/08/2021","18:02"
"509","X001D27FQR","Weight Watchers Hummus Snack Packs (Pack",,"0",,,,"02/08/2021","18:02"
"509","X001D3M197","Weight Watchers SmartPoints Cookbook",,"0",,,,"02/08/2021","18:02"
"509","ZDV00366","WW: 10 MIN CRUNCH KIT V2 LC",,"57",,,,"02/08/2021","18:02"
"509","ZDV01015","WW: PUNCH - KIT RETAIL V3 LC2 - 2017 (EC",,"4",,,,"02/08/2021","18:02"
"509","ZDV01016","WW: YOGA START KIT RETL V2 LC - 2017 (EC",,"133",,,,"02/08/2021","18:02"
"509","ZDV01017","WW: UBS MINI STAB BAL KIT LC2- 2017 (ECO",,"127",,,,"02/08/2021","18:02"
"509","ZDV01019","WW: PICK YOUR SPOT STAB KIT LC (ECOMM)",,"82",,,,"02/08/2021","18:02"
"509","ZDV59746","LESLIE SANSONE BELLY BLASTING WALK (ECOM",,"0",,,,"02/08/2021","18:02"
"509","ZDV60744","LESLIE SANSONE WALK IT OFF IN 30 DAYS (E",,"4977",,,,"02/08/2021","18:02"
"509","ZDV61401","LESLIE SANSONE WALK TO THE HITS REMIXES ",,"0",,,,"02/08/2021","18:02"
"509","ZDV62244","LESLIE SANSONE WALK OFF FAT FAST (ECOMM)",,"0",,,,"02/08/2021","18:02"
"509","ZDV62321","WW: 10 MIN BELLY BUTT THIGH (ECOMM)",,"250",,,,"02/08/2021","18:02"
"509","ZDV62915","WW: 15-MIN BOOTCAMP SER DV2 LC (ECOMM) (",,"0",,,,"02/08/2021","18:02"
"509","ZDV63456","rJcSaYXXJu",,"0",,,,"02/08/2021","18:02"
"509","ZDV63696","LESLIE SANSONE WALKING OFF THE POUNDS (E",,"0",,,,"02/08/2021","18:02"
"509","ZDV63697","LESLIE SANSONE BURN TO THE BEAT (ECOMM)",,"9993",,,,"02/08/2021","18:02"
"509","ZDV63709","WW: PUNCH KIT RETAIL V3 LC (ECOMM)(1/Eac",,"0",,,,"02/08/2021","18:02"
"509","ZDV63710","WW: YOGA START KIT RETL V2 LC (ECOMM)(1/",,"0",,,,"02/08/2021","18:02"
"509","ZDV63711","WW: 10 MIN CRUNCH KIT V2 LC (ECOMM)(1/Ea",,"0",,,,"02/08/2021","18:02"
"509","ZDV63712","WW: UBS MINI STAB BAL KIT LC (ECOMM)(1/E",,"0",,,,"02/08/2021","18:02"
"509","ZDV63713","WW: ULTIMA DANCE PARTY KIT LC (ECOMM)(1/",,"0",,,,"02/08/2021","18:02"
"509","ZDV63714","ajInTpeWzk",,"0",,,,"02/08/2021","18:02"
"509","ZDV63717","WW: 10 MIN BELLY BUTT THIGH LC (ECOMM)(1",,"0",,,,"02/08/2021","18:02"
"509","ZDV63718","WW: 7 DAY TONE AND BURN DVD LC (ECOMM)(1",,"192",,,,"02/08/2021","18:02"
"509","ZDV64876","LESLIE SANSONE JUST WALK 4DVD SET CLUB P",,"10221",,,,"02/08/2021","18:02"
